Type,Factor_Tip_Mile,Factor_Tip_Minute
Green,0.64358115,0.36574607623393324
FHVHV,0.264569,0.04861763179277211
Yellow,0.8838426,0.29980629843969325
