Vendor_ID,Average_Response_Time
HV0003,212.56924824414108
HV0005,329.6597438143341
HV0004,521.9108509946049
HV0002,321.22400512250107
